run,E_modulus,func_ratio,cell_surface_coverage,cell_sense_distance,R_func_mean,R_inert_mean,Lxy,Lz,N_est,constraint
1,17.5571,0.998389,1.02766,51.6888,78.258,72.4838,1013,699,250,N_target
2,46.6628,0.991291,1.37383,72.1284,56.0132,79.4443,732,732,371,min_image
3,36.3396,0.376323,0.507424,53.7457,83.8206,72.3288,940,740,250,N_target
4,45.679,0.391095,1.14237,66.3707,110.974,107.631,1423,954,250,N_target
5,25.5808,0.606285,0.939023,29.9725,41.8259,74.5937,672,672,469,min_image
6,41.7822,0.257564,0.851012,29.718,80.8661,116.021,1261,978,250,N_target
7,20.509,0.338269,1.32125,77.2042,101.203,103.566,1328,921,251,N_target
8,28.6422,0.583764,1.34886,48.9521,64.6241,117.124,987,987,390,min_image
9,18.6245,0.677806,1.45189,46.5884,110.632,40.6021,938,938,733,uncappable
10,22.247,0.789297,1.01076,71.7751,89.5128,84.0824,1129,806,250,N_target
11,37.1553,0.666694,1.0625,56.572,111.373,90.3734,1303,944,250,N_target
12,34.7672,0.942567,0.85635,49.9057,114.573,102.025,1507,968,250,N_target
13,13.5257,0.956459,1.14556,72.3137,73.3746,52.0212,893,688,250,N_target
14,28.5073,0.713172,1.46359,39.354,81.8051,81.1628,1059,725,250,N_target
15,44.8363,0.529197,1.43505,43.1976,106.493,64.3489,908,908,277,min_image
16,41.2848,0.623247,1.23529,79.2517,113.744,84.8205,1198,1000,250,N_target
17,49.1489,0.559367,0.785066,62.4202,102.83,68.0049,939,886,250,N_target
18,29.1353,0.489766,1.08617,46.3797,77.8275,43.6572,696,696,403,min_image
19,10.961,0.905366,0.806721,34.8986,62.9611,41.3876,718,586,250,N_target
20,18.5033,0.411869,1.19458,43.8336,65.9073,111.673,947,947,264,min_image
21,40.3453,0.419491,0.698225,57.87,45.9916,83.3204,736,736,354,min_image
22,46.0008,0.864721,0.582635,79.5325,79.2166,56.8631,901,745,250,N_target
23,19.2689,0.45884,1.03392,62.9091,72.513,61.7558,804,662,250,N_target
24,9.18626,0.563756,0.542895,78.0012,46.8861,91.4588,833,833,583,min_image
25,22.6488,0.831134,0.556349,44.4897,103.56,96.0087,1341,887,250,N_target
26,30.7396,0.718725,0.641909,73.0102,58.0743,64.9897,713,627,250,N_target
27,45.1808,0.93036,0.629082,37.3591,41.3783,53.9383,519,519,316,min_image
28,42.602,0.508875,1.48631,57.4689,82.4139,101.762,1116,873,250,N_target
29,45.8911,0.347886,1.08315,26.962,99.5461,86.0169,1126,856,250,N_target
30,30.3472,0.291936,0.863151,28.9497,113.275,55.8028,958,958,628,uncappable
31,42.5478,0.985125,0.985747,41.9061,89.7102,101.349,1117,870,251,N_target
32,15.8193,0.253864,1.17669,65.0384,86.3354,97.3802,1209,851,250,N_target
33,5.34034,0.351357,1.27179,67.4964,59.8538,45.0815,578,578,281,min_image
34,19.7824,0.220676,0.7265,78.9044,67.9174,110.102,1092,973,250,N_target
35,6.77422,0.953747,0.979608,56.2364,46.7019,45.7086,571,466,250,N_target
36,26.1733,0.869794,1.07775,33.5058,50.6745,70.6873,643,643,313,min_image
37,20.415,0.514035,0.814112,38.1424,116.629,54.2501,983,983,533,min_image
38,32.0251,0.544867,0.521294,49.192,68.2578,71.4587,883,649,250,N_target
39,33.3243,0.392452,1.03992,54.4391,106.159,51.2565,906,906,600,min_image
40,3.01483,0.282525,1.36352,47.1116,81.5654,83.0259,1071,734,250,N_target
41,12.8542,0.640215,1.05503,72.6545,44.3268,94.2209,842,842,778,uncappable
42,30.2212,0.24818,0.914411,65.9461,55.7822,116.442,993,993,312,min_image
43,27.2433,0.218063,1.44463,43.4179,107.702,77.2265,933,917,250,N_target
44,17.8838,0.44144,0.928834,44.7483,74.168,112.886,1033,955,250,N_target
45,43.4091,0.903198,1.31243,27.7951,67.2497,55.2568,826,617,249,N_target
46,26.8414,0.533206,1.21,26.6788,46.1573,98.1634,847,847,599,min_image
47,14.1707,0.742937,0.923345,30.2592,58.5571,67.4645,730,620,250,N_target
48,12.5321,0.287046,0.89556,62.6361,56.5032,104.572,899,899,269,min_image
49,21.5978,0.686657,1.00193,35.2767,64.0428,118.228,995,995,462,min_image
50,24.9193,0.970012,1.29944,31.4848,104.196,90.5169,1367,891,250,N_target
51,49.754,0.945939,0.874954,76.9105,115.3,76.272,1418,1007,250,N_target
52,37.6241,0.366433,0.716942,42.7849,48.3818,44.4029,547,478,250,N_target
53,39.0771,0.63246,1.12071,47.5871,68.6402,44.1722,628,628,257,min_image
54,23.0966,0.475659,0.637256,21.552,117.047,99.3174,1350,986,250,N_target
55,20.1907,0.889009,1.22245,58.2578,79.1671,113.273,958,958,274,min_image
56,46.2474,0.936473,0.745448,34.1953,83.3154,110.639,978,938,250,N_target
57,15.6408,0.380336,0.885351,60.1978,63.3731,68.4367,834,627,250,N_target
58,14.3975,0.913407,0.586978,55.3973,42.9284,76.5771,687,687,637,uncappable
59,49.0324,0.550594,0.578822,56.6815,111.969,106.635,1438,949,251,N_target
60,21.3957,0.925359,1.16354,76.478,103.761,73.0398,1262,921,250,N_target
61,26.3222,0.852075,1.27611,69.5652,40.0357,85.4477,771,771,1038,uncappable
62,39.9504,0.729461,0.70003,64.5882,66.6505,100.432,872,872,302,min_image
63,14.6126,0.526056,1.31519,52.2187,49.6433,109.056,927,927,623,uncappable
64,36.7328,0.297372,0.894849,73.6467,105.411,46.7806,927,927,946,uncappable
65,24.6958,0.50278,0.513757,69.0184,84.5607,49.1529,764,764,373,min_image
66,6.97209,0.922522,1.47701,79.894,66.1446,100.127,901,901,399,min_image
67,16.332,0.226575,0.567465,50.0985,108.576,87.4984,1103,924,250,N_target
68,2.38511,0.243865,1.02473,78.2935,99.0734,78.9264,969,890,250,N_target
69,8.42076,0.617907,1.45975,45.8391,59.2374,73.9194,756,667,250,N_target
70,22.5454,0.570539,1.48157,54.5217,47.6231,40.9717,524,472,250,N_target
71,35.7157,0.210194,1.06752,37.5772,54.6838,79.9162,862,711,250,N_target
72,27.6146,0.850937,0.775343,23.3358,96.8541,63.9702,1090,837,250,N_target
73,10.6199,0.628272,1.21938,69.8151,47.2858,61.0794,592,592,262,min_image
74,21.081,0.262308,0.706128,63.2563,56.8751,55.0016,683,548,250,N_target
75,30.0431,0.659222,0.752191,36.8435,71.7564,52.9594,751,651,249,N_target
76,14.7288,0.239642,0.763962,45.0718,94.6676,47.9486,821,821,666,uncappable
77,44.5334,0.505074,0.603887,59.8714,67.158,105.782,903,903,256,min_image
78,7.33656,0.764814,0.823846,49.6599,87.0328,65.5362,990,764,250,N_target
79,37.5185,0.326419,1.33298,67.1987,119.333,70.8496,1017,1017,368,min_image
80,43.922,0.228693,1.43317,38.5314,117.896,117.264,1562,992,249,N_target
81,35.0647,0.335566,0.680353,23.7362,60.1392,90.8173,881,792,250,N_target
82,24.1812,0.486014,1.30581,75.6097,91.1037,58.7487,825,825,298,min_image
83,35.3575,0.592249,1.10587,32.6345,94.0381,70.26,986,816,251,N_target
84,2.01762,0.707345,0.845644,24.12,80.0424,51.6352,773,712,249,N_target
85,2.51309,0.644824,0.598077,32.2554,45.0281,105.452,901,901,902,uncappable
86,9.97027,0.694025,1.25968,22.0354,70.4078,81.6438,900,724,250,N_target
87,4.47225,0.448081,1.39227,73.3654,77.3313,53.4247,719,719,285,min_image
88,16.7989,0.961653,0.755197,51.005,53.8286,95.561,827,827,588,min_image
89,27.7383,0.313667,0.879432,48.6414,70.333,100.83,1048,866,251,N_target
90,18.857,0.795334,0.592299,22.6665,105.885,115.995,1382,978,250,N_target
91,31.1301,0.908611,1.05115,39.1035,60.4951,107.248,913,913,531,min_image
92,10.7026,0.414611,1.13342,77.3423,52.0037,77.1592,726,726,270,min_image
93,12.6939,0.428626,0.531297,32.9703,101.776,62.4482,873,873,306,min_image
94,34.4748,0.672902,1.42385,68.1933,86.4685,108.254,1109,938,250,N_target
95,9.39469,0.202139,0.841825,38.7196,80.7993,63.383,770,718,250,N_target
96,35.4281,0.760181,1.44683,73.8238,53.4863,102.763,908,908,649,uncappable
97,7.15244,0.452936,0.659159,36.6316,40.9883,118.789,999,999,1149,uncappable
98,6.25437,0.670183,0.837962,71.4233,105.124,95.9033,1307,921,250,N_target
99,49.4579,0.266502,1.13775,24.9222,62.1824,112.707,984,954,250,N_target
100,25.481,0.268359,1.39612,75.8872,76.8292,111.033,1168,973,250,N_target
101,46.5124,0.460971,0.958088,25.578,95.9755,73.3964,978,830,250,N_target
102,21.9705,0.496816,1.04107,30.7602,98.0371,94.7627,1258,845,250,N_target
103,29.6466,0.881266,0.982707,64.8173,116.218,41.6815,989,989,356,min_image
104,44.1718,0.523778,0.963029,61.8583,45.2211,61.59,580,580,251,min_image
105,23.9042,0.797145,0.503557,31.0341,55.1485,81.4592,723,723,325,min_image
106,6.00747,0.517665,0.798687,24.7044,52.812,68.831,690,629,250,N_target
107,13.8136,0.538809,1.25075,39.986,94.8759,62.8779,856,822,250,N_target
108,39.7304,0.757931,0.993885,20.0875,90.2721,40.2434,788,788,389,min_image
109,15.9782,0.683089,0.615886,66.9312,79.799,67.7688,935,724,250,N_target
110,35.8621,0.783963,0.868683,41.0247,44.4418,109.644,931,931,1230,uncappable
111,11.1714,0.977273,0.692335,76.3095,92.9263,114.964,1099,1004,250,N_target
112,45.2205,0.468285,0.940238,34.6164,61.8486,43.1408,577,577,277,min_image
113,9.49355,0.777713,1.11029,61.0972,84.8399,58.9594,920,750,250,N_target
114,25.9804,0.721692,1.04851,51.8637,65.2904,57.9317,785,603,250,N_target
115,32.5902,0.735748,0.908237,70.223,96.5669,111.204,1241,963,250,N_target
116,33.6159,0.426137,1.26023,24.442,104.414,109.394,1407,930,250,N_target
117,43.5622,0.844855,0.931378,60.5491,48.4472,87.9915,772,772,590,min_image
118,42.8121,0.650129,1.24086,77.8248,71.4402,75.6821,898,716,250,N_target
119,16.9494,0.842471,1.4078,20.7751,71.1937,93.2321,855,810,250,N_target
120,48.2462,0.885978,1.20701,32.4009,107.309,96.5692,1393,914,250,N_target
121,47.8726,0.725401,1.3655,53.9014,85.2473,49.9778,769,750,250,N_target
122,26.4894,0.597123,0.712705,60.4879,93.5764,82.144,1124,814,250,N_target
123,48.3369,0.802186,1.33893,63.975,51.3578,92.5302,812,812,551,min_image
124,38.4659,0.879763,0.735947,46.8886,109.71,78.3645,1324,932,250,N_target
125,28.0103,0.541918,1.09585,53.5644,100.591,96.9005,1293,864,250,N_target
126,43.1133,0.363662,0.535733,71.2307,93.9705,119.874,1342,1030,250,N_target
127,40.4518,0.872639,1.1506,54.8737,50.1185,115.229,972,972,1078,uncappable
128,47.4277,0.273471,0.804598,50.3522,69.862,88.3878,1021,774,250,N_target
129,27.0454,0.276257,0.56394,25.1767,50.9177,48.2054,593,497,250,N_target
130,29.4813,0.736919,1.1182,35.7863,102.337,80.4132,1195,877,250,N_target
131,6.52471,0.857168,1.29075,31.234,109.09,60.4826,1112,927,250,N_target
132,4.77955,0.589634,1.12989,37.9086,88.3197,113.801,1171,962,250,N_target
133,23.4854,0.771121,0.880004,36.2771,119.046,77.6066,1256,1001,250,N_target
134,2.84915,0.814862,1.19612,45.2914,55.217,84.7077,747,747,358,min_image
135,5.79565,0.566262,0.54706,61.6965,97.6391,46.0632,846,846,510,min_image
136,31.2841,0.600648,1.26501,56.919,82.1135,42.5364,728,728,405,min_image
137,38.8972,0.787073,1.4187,58.7179,85.9054,69.5108,1027,756,250,N_target
138,23.7048,0.688971,1.35113,69.4832,102.535,54.7716,898,898,306,min_image
139,32.7636,0.917245,0.525245,21.3644,84.24,86.5289,1087,760,250,N_target
140,11.4206,0.818711,1.07411,61.3161,107.017,114.556,1398,971,250,N_target
141,44.3391,0.206161,1.30001,50.8121,42.5222,94.8436,822,822,335,min_image
142,31.9943,0.838438,1.49083,66.5789,118.161,67.08,1193,1008,250,N_target
143,47.2568,0.212246,1.00814,74.4276,88.4981,52.5083,804,804,500,min_image
144,20.8347,0.89847,0.902114,65.7504,61.1544,82.5243,742,742,280,min_image
145,13.1007,0.372475,0.676988,40.583,83.0537,103.893,1180,889,250,N_target
146,12.1326,0.81086,0.653363,28.0723,62.5684,78.594,760,702,250,N_target
147,10.3966,0.477583,1.2489,65.4609,114.941,119.328,1540,1014,251,N_target
148,13.3196,0.37178,1.41425,29.1995,49.2222,92.8547,807,807,343,min_image
149,41.4275,0.585809,1.15612,21.1619,76.6476,60.0264,822,687,250,N_target
150,5.10664,0.98121,0.515043,58.4939,75.5699,108.493,923,923,300,min_image
151,40.8769,0.343419,0.632967,36.0892,109.566,74.0229,931,931,254,min_image
152,7.98204,0.311681,0.733227,68.6026,115.947,80.055,995,995,253,min_image
153,7.66068,0.422443,1.34461,35.5397,90.4303,42.3461,789,789,673,uncappable
154,33.778,0.965853,0.570397,44.1977,91.6337,50.0379,1107,798,250,N_target
155,49.8571,0.293274,1.42689,52.8968,61.2379,66.6232,815,613,250,N_target
156,33.9915,0.357189,0.666402,74.027,100.322,88.9444,1151,890,250,N_target
157,30.8612,0.433068,1.16797,74.7939,43.3422,89.6147,813,813,550,min_image
158,19.3215,0.775704,1.32985,42.436,64.9234,99.7584,859,859,325,min_image
159,46.8912,0.627485,0.781013,29.5578,73.078,106.218,928,906,250,N_target
160,41.0697,0.823645,0.670481,64.3068,97.5058,43.5114,850,850,311,min_image
161,3.49875,0.747897,1.1898,59.5856,112.007,46.9107,949,949,425,min_image
162,47.6881,0.61387,0.663006,41.4874,118.669,50.884,998,998,547,min_image
163,32.3323,0.303923,1.09225,22.2947,57.6119,57.5667,723,546,250,N_target
164,15.3678,0.95041,1.20207,22.8074,112.533,56.3517,1290,952,250,N_target
165,25.153,0.444805,1.10432,59.1597,78.798,91.7128,1072,799,249,N_target
166,8.11382,0.652304,0.974252,26.4419,114.343,104.064,1442,966,250,N_target
167,16.5157,0.860785,0.688707,27.3657,76.0786,69.9614,963,683,250,N_target
168,23.3264,0.305694,1.28674,57.7537,43.6143,62.3378,627,581,251,N_target
169,39.4369,0.702402,0.551225,42.8577,57.2001,114.183,965,965,594,min_image
170,3.34556,0.387695,0.741918,41.8295,72.2016,86.8962,999,763,250,N_target
171,33.1036,0.97263,1.37553,26.1548,51.9593,48.7169,644,505,250,N_target
172,38.6456,0.492502,1.23254,63.5897,95.4581,89.3582,1186,834,250,N_target
173,42.3068,0.405341,1.46578,39.6479,49.1484,50.4749,614,494,251,N_target
174,19.602,0.637535,0.790117,51.3287,113.136,93.7362,1332,957,250,N_target
175,9.80299,0.698152,1.38126,53.0209,119.917,107.135,1511,1007,250,N_target
176,5.58685,0.748331,0.610535,52.524,117.464,58.0097,990,990,284,min_image
177,36.1605,0.754715,1.40426,31.8659,91.506,118.81,1150,999,250,N_target
178,17.6723,0.832766,0.950697,75.293,73.6056,47.543,768,695,250,N_target
179,4.13718,0.933626,0.946194,67.7477,98.7241,112.39,1233,967,250,N_target
180,24.4746,0.439574,0.915733,40.3725,87.6754,92.3415,1169,803,251,N_target
181,34.1658,0.578267,0.645793,78.668,63.7909,56.6776,723,630,250,N_target
182,8.80654,0.31688,1.35918,28.5215,92.0232,75.2808,965,801,250,N_target
183,11.7497,0.894831,1.47413,40.9057,96.0713,88.6742,1246,831,250,N_target
184,17.3336,0.330813,1.49731,23.1175,100.898,49.2988,867,867,643,uncappable
185,18.1392,0.233436,1.1706,33.2725,40.5619,59.5183,612,560,250,N_target
186,12.0742,0.352483,0.967914,55.8853,110.285,64.6627,936,936,364,min_image
187,41.9217,0.709529,0.832483,68.3973,42.2467,65.6115,622,622,421,min_image
188,31.5387,0.61118,1.38645,28.3733,74.6587,104.867,962,896,250,N_target
189,21.7692,0.400989,0.765704,70.9563,54.285,45.2828,554,544,250,N_target
190,37.8711,0.467882,1.22707,34.0566,75.7216,83.8786,1010,741,250,N_target
191,36.9703,0.992166,1.28317,45.7587,99.8924,66.1204,1305,859,250,N_target
192,38.0872,0.661243,0.72338,25.8015,87.419,85.9182,1131,767,250,N_target
193,28.3205,0.827332,0.816582,75.1763,52.7113,117.765,1022,1022,1027,uncappable
194,48.6218,0.807994,1.18347,47.8463,69.5447,59.9933,846,634,250,N_target
195,8.62309,0.246793,0.621966,55.4188,75.1607,74.9119,965,676,250,N_target
196,4.3383,0.323625,0.995763,48.3766,108.134,98.7155,1302,920,250,N_target
197,14.9881,0.553862,0.770611,48.1423,92.6604,102.902,1239,881,250,N_target
198,29.0792,0.397039,0.606953,62.2363,88.97,98.8495,1213,856,251,N_target
199,3.76436,0.575392,1.01896,20.4269,58.8424,97.9675,845,845,330,min_image
200,39.6414,0.480442,0.829937,70.54,68.863,71.9662,881,674,250,N_target
